,state,speed
0,"['Mississippi', 'Iowa', 'Oklahoma', 'Delaware', 'Minnesota', 'Alaska', 'Illinois', 'Arkansas', 'New Mexico', 'Indiana', 'Maryland', 'Louisiana', 'Texas', 'Wyoming', 'Arizona', 'Wisconsin', 'Michigan', 'Kansas', 'Utah', 'Virginia', 'Oregon', 'Connecticut', 'Tennessee', 'California', 'Massachusetts', 'West Virginia', 'South Carolina', 'New Hampshire', 'Vermont', 'Georgia', 'North Dakota', 'Pennsylvania', 'Florida', 'Hawaii', 'Kentucky', 'Rhode Island', 'Nebraska', 'Missouri', 'Ohio', 'Alabama', 'South Dakota', 'Colorado', 'Idaho', 'New Jersey', 'Washington', 'North Carolina', 'New York', 'Montana', 'District of Columbia', 'Nevada', 'Maine']","[1821387.8682042833, 4417257.882368632, 4524349.369088417, 6021969.582822086, 3358467.3529995745, 1872706.7, 3847233.20137346, 2297058.900492611, 3146844.802102211, 3072198.845586809, 5926519.27956778, 4438058.832332333, 4263630.463281799, 1201233.75, 5238175.586191045, 3703455.609661367, 4987202.07552798, 4758773.406918239, 3724176.535714286, 5373235.160694699, 3642161.206755127, 6171188.361864407, 4085171.7377789584, 4508617.945793187, 5651681.8419458, 2728327.458977408, 4020818.784753363, 6610241.647324793, 5235697.953545232, 3717253.8976134537, 912102.2711864407, 4055693.8987697377, 3756097.2002002914, 2990722.431786217, 2269854.4233766235, 3093026.8812903226, 3742276.6557562076, 6044800.178492803, 2047234.106334287, 3833023.333479021, 716833.6428571428, 3348794.6886694385, 1831400.5803636364, 7659618.05096328, 3503633.7911630673, 2986636.4456178444, 5517041.738180333, 1296031.2718204488, 6805243.948096886, 4364922.867869128, 2573118.1634491635]"
